{
  "total_records": 2707362,
  "valid_records": 2704137,
  "structural_unreachable_count": 3225,
  "structural_unreachable_rate": 0.001191196448794066,
  "unique_od_pairs": 151827,
  "total_trips": 2704137,
  "distance_stats_km": {
    "mean": 2.0185520639254033,
    "median": 1.7399021455399606,
    "std": 1.3044847640255246,
    "min": 0.0,
    "max": 7.102836445349509,
    "q25": 1.0577210817215796,
    "q75": 2.6619492186875338,
    "q95": 4.77134227875495
  },
  "flow_stats": {
    "mean": 17.81064632772827,
    "median": 5.0,
    "std": 50.5445372793146,
    "min": 1,
    "max": 4308,
    "q25": 2.0,
    "q75": 17.0,
    "q95": 67.0
  }
}